n,K,r,profile,implementation,metric,min,median,max,evidence_grade,formal_repetitions,source_revision,binary_sha256,raw_batch
128,80,2,LAN,E20_STREAM_AEAD_V1,offline_time_ms,563.663368,608.712123,704.089249,ACTUAL_RUN,5,791d5c67bb8199bcad62c86bb1eea2648292bff0,17AFD8EFBD12C67C50073D6193AA1E8A75BE9227EE53E838186206A099F50C65,ANCHOR_N128_LAN_768mb
128,80,2,LAN,E20_STREAM_AEAD_V1,offline_material_total_bits,259571712,259571712,259571712,VERIFIED_FIXED_LAYOUT_READY_PAYLOAD,5,791d5c67bb8199bcad62c86bb1eea2648292bff0,17AFD8EFBD12C67C50073D6193AA1E8A75BE9227EE53E838186206A099F50C65,ANCHOR_N128_LAN_768mb
128,80,2,LAN,E20_STREAM_AEAD_V1,online_time_ms,24.591789,27.06602,108.704949,ACTUAL_RUN,5,791d5c67bb8199bcad62c86bb1eea2648292bff0,17AFD8EFBD12C67C50073D6193AA1E8A75BE9227EE53E838186206A099F50C65,ANCHOR_N128_LAN_768mb
128,80,2,LAN,E20_STREAM_AEAD_V1,total_time_ms,594.180059,650.828706,728.681038,ACTUAL_RUN,5,791d5c67bb8199bcad62c86bb1eea2648292bff0,17AFD8EFBD12C67C50073D6193AA1E8A75BE9227EE53E838186206A099F50C65,ANCHOR_N128_LAN_768mb
128,80,2,LAN,E20_STREAM_AEAD_V1,online_comm_total_bits,169984,169984,169984,ACTUAL_RUN,5,791d5c67bb8199bcad62c86bb1eea2648292bff0,17AFD8EFBD12C67C50073D6193AA1E8A75BE9227EE53E838186206A099F50C65,ANCHOR_N128_LAN_768mb
128,80,2,LAN,E20_STREAM_AEAD_V1,online_comm_per_party_bits,84992,84992,84992,ACTUAL_RUN,5,791d5c67bb8199bcad62c86bb1eea2648292bff0,17AFD8EFBD12C67C50073D6193AA1E8A75BE9227EE53E838186206A099F50C65,ANCHOR_N128_LAN_768mb
128,80,2,LAN,E20_STREAM_AEAD_V1,online_rounds,8,8,8,ACTUAL_RUN,5,791d5c67bb8199bcad62c86bb1eea2648292bff0,17AFD8EFBD12C67C50073D6193AA1E8A75BE9227EE53E838186206A099F50C65,ANCHOR_N128_LAN_768mb
128,80,2,LAN,E20_STREAM_AEAD_V1,online_dcf_length_doubling_prg_calls_total,375776,394176,472256,ACTUAL_RUN,5,791d5c67bb8199bcad62c86bb1eea2648292bff0,17AFD8EFBD12C67C50073D6193AA1E8A75BE9227EE53E838186206A099F50C65,ANCHOR_N128_LAN_768mb
128,80,2,LAN,E20_STREAM_AEAD_V1,comparison_edges_total,2131,2246,2734,ACTUAL_RUN,5,791d5c67bb8199bcad62c86bb1eea2648292bff0,17AFD8EFBD12C67C50073D6193AA1E8A75BE9227EE53E838186206A099F50C65,ANCHOR_N128_LAN_768mb
128,80,3,LAN,E20_STREAM_AEAD_V1,offline_time_ms,678.812062,915.334162,1486.020312,ACTUAL_RUN,5,791d5c67bb8199bcad62c86bb1eea2648292bff0,17AFD8EFBD12C67C50073D6193AA1E8A75BE9227EE53E838186206A099F50C65,ANCHOR_N128_LAN_768mb
128,80,3,LAN,E20_STREAM_AEAD_V1,offline_material_total_bits,387555328,387555328,387555328,VERIFIED_FIXED_LAYOUT_READY_PAYLOAD,5,791d5c67bb8199bcad62c86bb1eea2648292bff0,17AFD8EFBD12C67C50073D6193AA1E8A75BE9227EE53E838186206A099F50C65,ANCHOR_N128_LAN_768mb
128,80,3,LAN,E20_STREAM_AEAD_V1,online_time_ms,25.369396,31.003189,173.381991,ACTUAL_RUN,5,791d5c67bb8199bcad62c86bb1eea2648292bff0,17AFD8EFBD12C67C50073D6193AA1E8A75BE9227EE53E838186206A099F50C65,ANCHOR_N128_LAN_768mb
128,80,3,LAN,E20_STREAM_AEAD_V1,total_time_ms,704.181458,942.536387,1659.402303,ACTUAL_RUN,5,791d5c67bb8199bcad62c86bb1eea2648292bff0,17AFD8EFBD12C67C50073D6193AA1E8A75BE9227EE53E838186206A099F50C65,ANCHOR_N128_LAN_768mb
128,80,3,LAN,E20_STREAM_AEAD_V1,online_comm_total_bits,204288,204288,204288,ACTUAL_RUN,5,791d5c67bb8199bcad62c86bb1eea2648292bff0,17AFD8EFBD12C67C50073D6193AA1E8A75BE9227EE53E838186206A099F50C65,ANCHOR_N128_LAN_768mb
128,80,3,LAN,E20_STREAM_AEAD_V1,online_comm_per_party_bits,102144,102144,102144,ACTUAL_RUN,5,791d5c67bb8199bcad62c86bb1eea2648292bff0,17AFD8EFBD12C67C50073D6193AA1E8A75BE9227EE53E838186206A099F50C65,ANCHOR_N128_LAN_768mb
128,80,3,LAN,E20_STREAM_AEAD_V1,online_rounds,10,10,10,ACTUAL_RUN,5,791d5c67bb8199bcad62c86bb1eea2648292bff0,17AFD8EFBD12C67C50073D6193AA1E8A75BE9227EE53E838186206A099F50C65,ANCHOR_N128_LAN_768mb
128,80,3,LAN,E20_STREAM_AEAD_V1,online_dcf_length_doubling_prg_calls_total,272096,302656,362816,ACTUAL_RUN,5,791d5c67bb8199bcad62c86bb1eea2648292bff0,17AFD8EFBD12C67C50073D6193AA1E8A75BE9227EE53E838186206A099F50C65,ANCHOR_N128_LAN_768mb
128,80,3,LAN,E20_STREAM_AEAD_V1,comparison_edges_total,1483,1674,2050,ACTUAL_RUN,5,791d5c67bb8199bcad62c86bb1eea2648292bff0,17AFD8EFBD12C67C50073D6193AA1E8A75BE9227EE53E838186206A099F50C65,ANCHOR_N128_LAN_768mb
128,80,4,LAN,E20_STREAM_AEAD_V1,offline_time_ms,928.748882,995.343001,1281.143211,ACTUAL_RUN,5,791d5c67bb8199bcad62c86bb1eea2648292bff0,17AFD8EFBD12C67C50073D6193AA1E8A75BE9227EE53E838186206A099F50C65,ANCHOR_N128_LAN_768mb
128,80,4,LAN,E20_STREAM_AEAD_V1,offline_material_total_bits,515538944,515538944,515538944,VERIFIED_FIXED_LAYOUT_READY_PAYLOAD,5,791d5c67bb8199bcad62c86bb1eea2648292bff0,17AFD8EFBD12C67C50073D6193AA1E8A75BE9227EE53E838186206A099F50C65,ANCHOR_N128_LAN_768mb
128,80,4,LAN,E20_STREAM_AEAD_V1,online_time_ms,25.015107,27.723052,69.283366,ACTUAL_RUN,5,791d5c67bb8199bcad62c86bb1eea2648292bff0,17AFD8EFBD12C67C50073D6193AA1E8A75BE9227EE53E838186206A099F50C65,ANCHOR_N128_LAN_768mb
128,80,4,LAN,E20_STREAM_AEAD_V1,total_time_ms,998.032248,1020.358108,1308.866263,ACTUAL_RUN,5,791d5c67bb8199bcad62c86bb1eea2648292bff0,17AFD8EFBD12C67C50073D6193AA1E8A75BE9227EE53E838186206A099F50C65,ANCHOR_N128_LAN_768mb
128,80,4,LAN,E20_STREAM_AEAD_V1,online_comm_total_bits,238592,238592,238592,ACTUAL_RUN,5,791d5c67bb8199bcad62c86bb1eea2648292bff0,17AFD8EFBD12C67C50073D6193AA1E8A75BE9227EE53E838186206A099F50C65,ANCHOR_N128_LAN_768mb
128,80,4,LAN,E20_STREAM_AEAD_V1,online_comm_per_party_bits,119296,119296,119296,ACTUAL_RUN,5,791d5c67bb8199bcad62c86bb1eea2648292bff0,17AFD8EFBD12C67C50073D6193AA1E8A75BE9227EE53E838186206A099F50C65,ANCHOR_N128_LAN_768mb
128,80,4,LAN,E20_STREAM_AEAD_V1,online_rounds,12,12,12,ACTUAL_RUN,5,791d5c67bb8199bcad62c86bb1eea2648292bff0,17AFD8EFBD12C67C50073D6193AA1E8A75BE9227EE53E838186206A099F50C65,ANCHOR_N128_LAN_768mb
128,80,4,LAN,E20_STREAM_AEAD_V1,online_dcf_length_doubling_prg_calls_total,234816,241056,302016,ACTUAL_RUN,5,791d5c67bb8199bcad62c86bb1eea2648292bff0,17AFD8EFBD12C67C50073D6193AA1E8A75BE9227EE53E838186206A099F50C65,ANCHOR_N128_LAN_768mb
128,80,4,LAN,E20_STREAM_AEAD_V1,comparison_edges_total,1250,1289,1670,ACTUAL_RUN,5,791d5c67bb8199bcad62c86bb1eea2648292bff0,17AFD8EFBD12C67C50073D6193AA1E8A75BE9227EE53E838186206A099F50C65,ANCHOR_N128_LAN_768mb
128,80,5,LAN,E20_STREAM_AEAD_V1,offline_time_ms,1391.147133,1417.83225,1693.479282,ACTUAL_RUN,5,791d5c67bb8199bcad62c86bb1eea2648292bff0,17AFD8EFBD12C67C50073D6193AA1E8A75BE9227EE53E838186206A099F50C65,ANCHOR_N128_LAN_768mb
128,80,5,LAN,E20_STREAM_AEAD_V1,offline_material_total_bits,643522560,643522560,643522560,VERIFIED_FIXED_LAYOUT_READY_PAYLOAD,5,791d5c67bb8199bcad62c86bb1eea2648292bff0,17AFD8EFBD12C67C50073D6193AA1E8A75BE9227EE53E838186206A099F50C65,ANCHOR_N128_LAN_768mb
128,80,5,LAN,E20_STREAM_AEAD_V1,online_time_ms,25.399607,27.272164,36.733763,ACTUAL_RUN,5,791d5c67bb8199bcad62c86bb1eea2648292bff0,17AFD8EFBD12C67C50073D6193AA1E8A75BE9227EE53E838186206A099F50C65,ANCHOR_N128_LAN_768mb
128,80,5,LAN,E20_STREAM_AEAD_V1,total_time_ms,1417.961982,1454.566013,1720.751446,ACTUAL_RUN,5,791d5c67bb8199bcad62c86bb1eea2648292bff0,17AFD8EFBD12C67C50073D6193AA1E8A75BE9227EE53E838186206A099F50C65,ANCHOR_N128_LAN_768mb
128,80,5,LAN,E20_STREAM_AEAD_V1,online_comm_total_bits,272896,272896,272896,ACTUAL_RUN,5,791d5c67bb8199bcad62c86bb1eea2648292bff0,17AFD8EFBD12C67C50073D6193AA1E8A75BE9227EE53E838186206A099F50C65,ANCHOR_N128_LAN_768mb
128,80,5,LAN,E20_STREAM_AEAD_V1,online_comm_per_party_bits,136448,136448,136448,ACTUAL_RUN,5,791d5c67bb8199bcad62c86bb1eea2648292bff0,17AFD8EFBD12C67C50073D6193AA1E8A75BE9227EE53E838186206A099F50C65,ANCHOR_N128_LAN_768mb
128,80,5,LAN,E20_STREAM_AEAD_V1,online_rounds,14,14,14,ACTUAL_RUN,5,791d5c67bb8199bcad62c86bb1eea2648292bff0,17AFD8EFBD12C67C50073D6193AA1E8A75BE9227EE53E838186206A099F50C65,ANCHOR_N128_LAN_768mb
128,80,5,LAN,E20_STREAM_AEAD_V1,online_dcf_length_doubling_prg_calls_total,190656,211456,246336,ACTUAL_RUN,5,791d5c67bb8199bcad62c86bb1eea2648292bff0,17AFD8EFBD12C67C50073D6193AA1E8A75BE9227EE53E838186206A099F50C65,ANCHOR_N128_LAN_768mb
128,80,5,LAN,E20_STREAM_AEAD_V1,comparison_edges_total,974,1104,1322,ACTUAL_RUN,5,791d5c67bb8199bcad62c86bb1eea2648292bff0,17AFD8EFBD12C67C50073D6193AA1E8A75BE9227EE53E838186206A099F50C65,ANCHOR_N128_LAN_768mb
128,80,2,WAN,E20_STREAM_AEAD_V1,offline_time_ms,721.227733,839.831098,1143.755969,ACTUAL_RUN,5,791d5c67bb8199bcad62c86bb1eea2648292bff0,17AFD8EFBD12C67C50073D6193AA1E8A75BE9227EE53E838186206A099F50C65,ANCHOR_N128_WAN_768mb
128,80,2,WAN,E20_STREAM_AEAD_V1,offline_material_total_bits,259571712,259571712,259571712,VERIFIED_FIXED_LAYOUT_READY_PAYLOAD,5,791d5c67bb8199bcad62c86bb1eea2648292bff0,17AFD8EFBD12C67C50073D6193AA1E8A75BE9227EE53E838186206A099F50C65,ANCHOR_N128_WAN_768mb
128,80,2,WAN,E20_STREAM_AEAD_V1,online_time_ms,418.45256,420.654598,422.160015,ACTUAL_RUN,5,791d5c67bb8199bcad62c86bb1eea2648292bff0,17AFD8EFBD12C67C50073D6193AA1E8A75BE9227EE53E838186206A099F50C65,ANCHOR_N128_WAN_768mb
128,80,2,WAN,E20_STREAM_AEAD_V1,total_time_ms,1141.552897,1258.283658,1564.410567,ACTUAL_RUN,5,791d5c67bb8199bcad62c86bb1eea2648292bff0,17AFD8EFBD12C67C50073D6193AA1E8A75BE9227EE53E838186206A099F50C65,ANCHOR_N128_WAN_768mb
128,80,2,WAN,E20_STREAM_AEAD_V1,online_comm_total_bits,169984,169984,169984,ACTUAL_RUN,5,791d5c67bb8199bcad62c86bb1eea2648292bff0,17AFD8EFBD12C67C50073D6193AA1E8A75BE9227EE53E838186206A099F50C65,ANCHOR_N128_WAN_768mb
128,80,2,WAN,E20_STREAM_AEAD_V1,online_comm_per_party_bits,84992,84992,84992,ACTUAL_RUN,5,791d5c67bb8199bcad62c86bb1eea2648292bff0,17AFD8EFBD12C67C50073D6193AA1E8A75BE9227EE53E838186206A099F50C65,ANCHOR_N128_WAN_768mb
128,80,2,WAN,E20_STREAM_AEAD_V1,online_rounds,8,8,8,ACTUAL_RUN,5,791d5c67bb8199bcad62c86bb1eea2648292bff0,17AFD8EFBD12C67C50073D6193AA1E8A75BE9227EE53E838186206A099F50C65,ANCHOR_N128_WAN_768mb
128,80,2,WAN,E20_STREAM_AEAD_V1,online_dcf_length_doubling_prg_calls_total,392096,407936,429056,ACTUAL_RUN,5,791d5c67bb8199bcad62c86bb1eea2648292bff0,17AFD8EFBD12C67C50073D6193AA1E8A75BE9227EE53E838186206A099F50C65,ANCHOR_N128_WAN_768mb
128,80,2,WAN,E20_STREAM_AEAD_V1,comparison_edges_total,2233,2332,2464,ACTUAL_RUN,5,791d5c67bb8199bcad62c86bb1eea2648292bff0,17AFD8EFBD12C67C50073D6193AA1E8A75BE9227EE53E838186206A099F50C65,ANCHOR_N128_WAN_768mb
128,80,3,WAN,E20_STREAM_AEAD_V1,offline_time_ms,427.446094,704.834524,794.55075,ACTUAL_RUN,5,791d5c67bb8199bcad62c86bb1eea2648292bff0,17AFD8EFBD12C67C50073D6193AA1E8A75BE9227EE53E838186206A099F50C65,ANCHOR_N128_WAN_768mb
128,80,3,WAN,E20_STREAM_AEAD_V1,offline_material_total_bits,387555328,387555328,387555328,VERIFIED_FIXED_LAYOUT_READY_PAYLOAD,5,791d5c67bb8199bcad62c86bb1eea2648292bff0,17AFD8EFBD12C67C50073D6193AA1E8A75BE9227EE53E838186206A099F50C65,ANCHOR_N128_WAN_768mb
128,80,3,WAN,E20_STREAM_AEAD_V1,online_time_ms,515.330831,517.670511,522.147819,ACTUAL_RUN,5,791d5c67bb8199bcad62c86bb1eea2648292bff0,17AFD8EFBD12C67C50073D6193AA1E8A75BE9227EE53E838186206A099F50C65,ANCHOR_N128_WAN_768mb
128,80,3,WAN,E20_STREAM_AEAD_V1,total_time_ms,949.593913,1223.997835,1311.176201,ACTUAL_RUN,5,791d5c67bb8199bcad62c86bb1eea2648292bff0,17AFD8EFBD12C67C50073D6193AA1E8A75BE9227EE53E838186206A099F50C65,ANCHOR_N128_WAN_768mb
128,80,3,WAN,E20_STREAM_AEAD_V1,online_comm_total_bits,204288,204288,204288,ACTUAL_RUN,5,791d5c67bb8199bcad62c86bb1eea2648292bff0,17AFD8EFBD12C67C50073D6193AA1E8A75BE9227EE53E838186206A099F50C65,ANCHOR_N128_WAN_768mb
128,80,3,WAN,E20_STREAM_AEAD_V1,online_comm_per_party_bits,102144,102144,102144,ACTUAL_RUN,5,791d5c67bb8199bcad62c86bb1eea2648292bff0,17AFD8EFBD12C67C50073D6193AA1E8A75BE9227EE53E838186206A099F50C65,ANCHOR_N128_WAN_768mb
128,80,3,WAN,E20_STREAM_AEAD_V1,online_rounds,10,10,10,ACTUAL_RUN,5,791d5c67bb8199bcad62c86bb1eea2648292bff0,17AFD8EFBD12C67C50073D6193AA1E8A75BE9227EE53E838186206A099F50C65,ANCHOR_N128_WAN_768mb
128,80,3,WAN,E20_STREAM_AEAD_V1,online_dcf_length_doubling_prg_calls_total,267296,274176,287776,ACTUAL_RUN,5,791d5c67bb8199bcad62c86bb1eea2648292bff0,17AFD8EFBD12C67C50073D6193AA1E8A75BE9227EE53E838186206A099F50C65,ANCHOR_N128_WAN_768mb
128,80,3,WAN,E20_STREAM_AEAD_V1,comparison_edges_total,1453,1496,1581,ACTUAL_RUN,5,791d5c67bb8199bcad62c86bb1eea2648292bff0,17AFD8EFBD12C67C50073D6193AA1E8A75BE9227EE53E838186206A099F50C65,ANCHOR_N128_WAN_768mb
128,80,4,WAN,E20_STREAM_AEAD_V1,offline_time_ms,596.892767,633.454262,748.405352,ACTUAL_RUN,5,791d5c67bb8199bcad62c86bb1eea2648292bff0,17AFD8EFBD12C67C50073D6193AA1E8A75BE9227EE53E838186206A099F50C65,ANCHOR_N128_WAN_768mb
128,80,4,WAN,E20_STREAM_AEAD_V1,offline_material_total_bits,515538944,515538944,515538944,VERIFIED_FIXED_LAYOUT_READY_PAYLOAD,5,791d5c67bb8199bcad62c86bb1eea2648292bff0,17AFD8EFBD12C67C50073D6193AA1E8A75BE9227EE53E838186206A099F50C65,ANCHOR_N128_WAN_768mb
128,80,4,WAN,E20_STREAM_AEAD_V1,online_time_ms,615.162006,619.5598,638.681871,ACTUAL_RUN,5,791d5c67bb8199bcad62c86bb1eea2648292bff0,17AFD8EFBD12C67C50073D6193AA1E8A75BE9227EE53E838186206A099F50C65,ANCHOR_N128_WAN_768mb
128,80,4,WAN,E20_STREAM_AEAD_V1,total_time_ms,1216.452567,1250.346068,1387.087223,ACTUAL_RUN,5,791d5c67bb8199bcad62c86bb1eea2648292bff0,17AFD8EFBD12C67C50073D6193AA1E8A75BE9227EE53E838186206A099F50C65,ANCHOR_N128_WAN_768mb
128,80,4,WAN,E20_STREAM_AEAD_V1,online_comm_total_bits,238592,238592,238592,ACTUAL_RUN,5,791d5c67bb8199bcad62c86bb1eea2648292bff0,17AFD8EFBD12C67C50073D6193AA1E8A75BE9227EE53E838186206A099F50C65,ANCHOR_N128_WAN_768mb
128,80,4,WAN,E20_STREAM_AEAD_V1,online_comm_per_party_bits,119296,119296,119296,ACTUAL_RUN,5,791d5c67bb8199bcad62c86bb1eea2648292bff0,17AFD8EFBD12C67C50073D6193AA1E8A75BE9227EE53E838186206A099F50C65,ANCHOR_N128_WAN_768mb
128,80,4,WAN,E20_STREAM_AEAD_V1,online_rounds,12,12,12,ACTUAL_RUN,5,791d5c67bb8199bcad62c86bb1eea2648292bff0,17AFD8EFBD12C67C50073D6193AA1E8A75BE9227EE53E838186206A099F50C65,ANCHOR_N128_WAN_768mb
128,80,4,WAN,E20_STREAM_AEAD_V1,online_dcf_length_doubling_prg_calls_total,223296,228896,274656,ACTUAL_RUN,5,791d5c67bb8199bcad62c86bb1eea2648292bff0,17AFD8EFBD12C67C50073D6193AA1E8A75BE9227EE53E838186206A099F50C65,ANCHOR_N128_WAN_768mb
128,80,4,WAN,E20_STREAM_AEAD_V1,comparison_edges_total,1178,1213,1499,ACTUAL_RUN,5,791d5c67bb8199bcad62c86bb1eea2648292bff0,17AFD8EFBD12C67C50073D6193AA1E8A75BE9227EE53E838186206A099F50C65,ANCHOR_N128_WAN_768mb
128,80,5,WAN,E20_STREAM_AEAD_V1,offline_time_ms,749.263418,809.867073,831.842836,ACTUAL_RUN,5,791d5c67bb8199bcad62c86bb1eea2648292bff0,17AFD8EFBD12C67C50073D6193AA1E8A75BE9227EE53E838186206A099F50C65,ANCHOR_N128_WAN_768mb
128,80,5,WAN,E20_STREAM_AEAD_V1,offline_material_total_bits,643522560,643522560,643522560,VERIFIED_FIXED_LAYOUT_READY_PAYLOAD,5,791d5c67bb8199bcad62c86bb1eea2648292bff0,17AFD8EFBD12C67C50073D6193AA1E8A75BE9227EE53E838186206A099F50C65,ANCHOR_N128_WAN_768mb
128,80,5,WAN,E20_STREAM_AEAD_V1,online_time_ms,716.324968,718.191378,727.439229,ACTUAL_RUN,5,791d5c67bb8199bcad62c86bb1eea2648292bff0,17AFD8EFBD12C67C50073D6193AA1E8A75BE9227EE53E838186206A099F50C65,ANCHOR_N128_WAN_768mb
128,80,5,WAN,E20_STREAM_AEAD_V1,total_time_ms,1468.813907,1537.306302,1549.563054,ACTUAL_RUN,5,791d5c67bb8199bcad62c86bb1eea2648292bff0,17AFD8EFBD12C67C50073D6193AA1E8A75BE9227EE53E838186206A099F50C65,ANCHOR_N128_WAN_768mb
128,80,5,WAN,E20_STREAM_AEAD_V1,online_comm_total_bits,272896,272896,272896,ACTUAL_RUN,5,791d5c67bb8199bcad62c86bb1eea2648292bff0,17AFD8EFBD12C67C50073D6193AA1E8A75BE9227EE53E838186206A099F50C65,ANCHOR_N128_WAN_768mb
128,80,5,WAN,E20_STREAM_AEAD_V1,online_comm_per_party_bits,136448,136448,136448,ACTUAL_RUN,5,791d5c67bb8199bcad62c86bb1eea2648292bff0,17AFD8EFBD12C67C50073D6193AA1E8A75BE9227EE53E838186206A099F50C65,ANCHOR_N128_WAN_768mb
128,80,5,WAN,E20_STREAM_AEAD_V1,online_rounds,14,14,14,ACTUAL_RUN,5,791d5c67bb8199bcad62c86bb1eea2648292bff0,17AFD8EFBD12C67C50073D6193AA1E8A75BE9227EE53E838186206A099F50C65,ANCHOR_N128_WAN_768mb
128,80,5,WAN,E20_STREAM_AEAD_V1,online_dcf_length_doubling_prg_calls_total,193536,219136,279776,ACTUAL_RUN,5,791d5c67bb8199bcad62c86bb1eea2648292bff0,17AFD8EFBD12C67C50073D6193AA1E8A75BE9227EE53E838186206A099F50C65,ANCHOR_N128_WAN_768mb
128,80,5,WAN,E20_STREAM_AEAD_V1,comparison_edges_total,992,1152,1531,ACTUAL_RUN,5,791d5c67bb8199bcad62c86bb1eea2648292bff0,17AFD8EFBD12C67C50073D6193AA1E8A75BE9227EE53E838186206A099F50C65,ANCHOR_N128_WAN_768mb
256,80,2,LAN,E20_STREAM_AEAD_V1,offline_time_ms,1139.654596,1219.342889,1273.682565,ACTUAL_RUN,5,791d5c67bb8199bcad62c86bb1eea2648292bff0,17AFD8EFBD12C67C50073D6193AA1E8A75BE9227EE53E838186206A099F50C65,ANCHOR_N256_LAN_768mb
256,80,2,LAN,E20_STREAM_AEAD_V1,offline_material_total_bits,1060110336,1060110336,1060110336,VERIFIED_FIXED_LAYOUT_READY_PAYLOAD,5,791d5c67bb8199bcad62c86bb1eea2648292bff0,17AFD8EFBD12C67C50073D6193AA1E8A75BE9227EE53E838186206A099F50C65,ANCHOR_N256_LAN_768mb
256,80,2,LAN,E20_STREAM_AEAD_V1,online_time_ms,77.966674,83.758257,94.982512,ACTUAL_RUN,5,791d5c67bb8199bcad62c86bb1eea2648292bff0,17AFD8EFBD12C67C50073D6193AA1E8A75BE9227EE53E838186206A099F50C65,ANCHOR_N256_LAN_768mb
256,80,2,LAN,E20_STREAM_AEAD_V1,total_time_ms,1234.637108,1309.133353,1351.649239,ACTUAL_RUN,5,791d5c67bb8199bcad62c86bb1eea2648292bff0,17AFD8EFBD12C67C50073D6193AA1E8A75BE9227EE53E838186206A099F50C65,ANCHOR_N256_LAN_768mb
256,80,2,LAN,E20_STREAM_AEAD_V1,online_comm_total_bits,333824,333824,333824,ACTUAL_RUN,5,791d5c67bb8199bcad62c86bb1eea2648292bff0,17AFD8EFBD12C67C50073D6193AA1E8A75BE9227EE53E838186206A099F50C65,ANCHOR_N256_LAN_768mb
256,80,2,LAN,E20_STREAM_AEAD_V1,online_comm_per_party_bits,166912,166912,166912,ACTUAL_RUN,5,791d5c67bb8199bcad62c86bb1eea2648292bff0,17AFD8EFBD12C67C50073D6193AA1E8A75BE9227EE53E838186206A099F50C65,ANCHOR_N256_LAN_768mb
256,80,2,LAN,E20_STREAM_AEAD_V1,online_rounds,8,8,8,ACTUAL_RUN,5,791d5c67bb8199bcad62c86bb1eea2648292bff0,17AFD8EFBD12C67C50073D6193AA1E8A75BE9227EE53E838186206A099F50C65,ANCHOR_N256_LAN_768mb
256,80,2,LAN,E20_STREAM_AEAD_V1,online_dcf_length_doubling_prg_calls_total,1107916,1182372,1245512,ACTUAL_RUN,5,791d5c67bb8199bcad62c86bb1eea2648292bff0,17AFD8EFBD12C67C50073D6193AA1E8A75BE9227EE53E838186206A099F50C65,ANCHOR_N256_LAN_768mb
256,80,2,LAN,E20_STREAM_AEAD_V1,comparison_edges_total,6331,6785,7170,ACTUAL_RUN,5,791d5c67bb8199bcad62c86bb1eea2648292bff0,17AFD8EFBD12C67C50073D6193AA1E8A75BE9227EE53E838186206A099F50C65,ANCHOR_N256_LAN_768mb
256,80,3,LAN,E20_STREAM_AEAD_V1,offline_time_ms,1696.698344,1805.151775,1838.482299,ACTUAL_RUN,5,791d5c67bb8199bcad62c86bb1eea2648292bff0,17AFD8EFBD12C67C50073D6193AA1E8A75BE9227EE53E838186206A099F50C65,ANCHOR_N256_LAN_768mb
256,80,3,LAN,E20_STREAM_AEAD_V1,offline_material_total_bits,1586561024,1586561024,1586561024,VERIFIED_FIXED_LAYOUT_READY_PAYLOAD,5,791d5c67bb8199bcad62c86bb1eea2648292bff0,17AFD8EFBD12C67C50073D6193AA1E8A75BE9227EE53E838186206A099F50C65,ANCHOR_N256_LAN_768mb
256,80,3,LAN,E20_STREAM_AEAD_V1,online_time_ms,189.163361,211.919709,253.774967,ACTUAL_RUN,5,791d5c67bb8199bcad62c86bb1eea2648292bff0,17AFD8EFBD12C67C50073D6193AA1E8A75BE9227EE53E838186206A099F50C65,ANCHOR_N256_LAN_768mb
256,80,3,LAN,E20_STREAM_AEAD_V1,total_time_ms,1885.861705,2020.31505,2060.212515,ACTUAL_RUN,5,791d5c67bb8199bcad62c86bb1eea2648292bff0,17AFD8EFBD12C67C50073D6193AA1E8A75BE9227EE53E838186206A099F50C65,ANCHOR_N256_LAN_768mb
256,80,3,LAN,E20_STREAM_AEAD_V1,online_comm_total_bits,400896,400896,400896,ACTUAL_RUN,5,791d5c67bb8199bcad62c86bb1eea2648292bff0,17AFD8EFBD12C67C50073D6193AA1E8A75BE9227EE53E838186206A099F50C65,ANCHOR_N256_LAN_768mb
256,80,3,LAN,E20_STREAM_AEAD_V1,online_comm_per_party_bits,200448,200448,200448,ACTUAL_RUN,5,791d5c67bb8199bcad62c86bb1eea2648292bff0,17AFD8EFBD12C67C50073D6193AA1E8A75BE9227EE53E838186206A099F50C65,ANCHOR_N256_LAN_768mb
256,80,3,LAN,E20_STREAM_AEAD_V1,online_rounds,10,10,10,ACTUAL_RUN,5,791d5c67bb8199bcad62c86bb1eea2648292bff0,17AFD8EFBD12C67C50073D6193AA1E8A75BE9227EE53E838186206A099F50C65,ANCHOR_N256_LAN_768mb
256,80,3,LAN,E20_STREAM_AEAD_V1,online_dcf_length_doubling_prg_calls_total,696276,701032,777620,ACTUAL_RUN,5,791d5c67bb8199bcad62c86bb1eea2648292bff0,17AFD8EFBD12C67C50073D6193AA1E8A75BE9227EE53E838186206A099F50C65,ANCHOR_N256_LAN_768mb
256,80,3,LAN,E20_STREAM_AEAD_V1,comparison_edges_total,3821,3850,4317,ACTUAL_RUN,5,791d5c67bb8199bcad62c86bb1eea2648292bff0,17AFD8EFBD12C67C50073D6193AA1E8A75BE9227EE53E838186206A099F50C65,ANCHOR_N256_LAN_768mb
256,80,4,LAN,E20_STREAM_AEAD_V1,offline_time_ms,2565.486363,2628.991374,2729.866731,ACTUAL_RUN,5,791d5c67bb8199bcad62c86bb1eea2648292bff0,17AFD8EFBD12C67C50073D6193AA1E8A75BE9227EE53E838186206A099F50C65,ANCHOR_N256_LAN_768mb
256,80,4,LAN,E20_STREAM_AEAD_V1,offline_material_total_bits,2113011712,2113011712,2113011712,VERIFIED_FIXED_LAYOUT_READY_PAYLOAD,5,791d5c67bb8199bcad62c86bb1eea2648292bff0,17AFD8EFBD12C67C50073D6193AA1E8A75BE9227EE53E838186206A099F50C65,ANCHOR_N256_LAN_768mb
256,80,4,LAN,E20_STREAM_AEAD_V1,online_time_ms,214.467305,295.651797,345.370481,ACTUAL_RUN,5,791d5c67bb8199bcad62c86bb1eea2648292bff0,17AFD8EFBD12C67C50073D6193AA1E8A75BE9227EE53E838186206A099F50C65,ANCHOR_N256_LAN_768mb
256,80,4,LAN,E20_STREAM_AEAD_V1,total_time_ms,2779.953668,2888.878829,3075.237212,ACTUAL_RUN,5,791d5c67bb8199bcad62c86bb1eea2648292bff0,17AFD8EFBD12C67C50073D6193AA1E8A75BE9227EE53E838186206A099F50C65,ANCHOR_N256_LAN_768mb
256,80,4,LAN,E20_STREAM_AEAD_V1,online_comm_total_bits,467968,467968,467968,ACTUAL_RUN,5,791d5c67bb8199bcad62c86bb1eea2648292bff0,17AFD8EFBD12C67C50073D6193AA1E8A75BE9227EE53E838186206A099F50C65,ANCHOR_N256_LAN_768mb
256,80,4,LAN,E20_STREAM_AEAD_V1,online_comm_per_party_bits,233984,233984,233984,ACTUAL_RUN,5,791d5c67bb8199bcad62c86bb1eea2648292bff0,17AFD8EFBD12C67C50073D6193AA1E8A75BE9227EE53E838186206A099F50C65,ANCHOR_N256_LAN_768mb
256,80,4,LAN,E20_STREAM_AEAD_V1,online_rounds,12,12,12,ACTUAL_RUN,5,791d5c67bb8199bcad62c86bb1eea2648292bff0,17AFD8EFBD12C67C50073D6193AA1E8A75BE9227EE53E838186206A099F50C65,ANCHOR_N256_LAN_768mb
256,80,4,LAN,E20_STREAM_AEAD_V1,online_dcf_length_doubling_prg_calls_total,588692,679712,694964,ACTUAL_RUN,5,791d5c67bb8199bcad62c86bb1eea2648292bff0,17AFD8EFBD12C67C50073D6193AA1E8A75BE9227EE53E838186206A099F50C65,ANCHOR_N256_LAN_768mb
256,80,4,LAN,E20_STREAM_AEAD_V1,comparison_edges_total,3165,3720,3813,ACTUAL_RUN,5,791d5c67bb8199bcad62c86bb1eea2648292bff0,17AFD8EFBD12C67C50073D6193AA1E8A75BE9227EE53E838186206A099F50C65,ANCHOR_N256_LAN_768mb
256,80,5,LAN,E20_STREAM_AEAD_V1,offline_time_ms,3230.338817,3355.480976,3368.197923,ACTUAL_RUN,5,791d5c67bb8199bcad62c86bb1eea2648292bff0,17AFD8EFBD12C67C50073D6193AA1E8A75BE9227EE53E838186206A099F50C65,ANCHOR_N256_LAN_768mb
256,80,5,LAN,E20_STREAM_AEAD_V1,offline_material_total_bits,2639462400,2639462400,2639462400,VERIFIED_FIXED_LAYOUT_READY_PAYLOAD,5,791d5c67bb8199bcad62c86bb1eea2648292bff0,17AFD8EFBD12C67C50073D6193AA1E8A75BE9227EE53E838186206A099F50C65,ANCHOR_N256_LAN_768mb
256,80,5,LAN,E20_STREAM_AEAD_V1,online_time_ms,330.590764,350.066098,379.754261,ACTUAL_RUN,5,791d5c67bb8199bcad62c86bb1eea2648292bff0,17AFD8EFBD12C67C50073D6193AA1E8A75BE9227EE53E838186206A099F50C65,ANCHOR_N256_LAN_768mb
256,80,5,LAN,E20_STREAM_AEAD_V1,total_time_ms,3573.800559,3709.620368,3732.35418,ACTUAL_RUN,5,791d5c67bb8199bcad62c86bb1eea2648292bff0,17AFD8EFBD12C67C50073D6193AA1E8A75BE9227EE53E838186206A099F50C65,ANCHOR_N256_LAN_768mb
256,80,5,LAN,E20_STREAM_AEAD_V1,online_comm_total_bits,535040,535040,535040,ACTUAL_RUN,5,791d5c67bb8199bcad62c86bb1eea2648292bff0,17AFD8EFBD12C67C50073D6193AA1E8A75BE9227EE53E838186206A099F50C65,ANCHOR_N256_LAN_768mb
256,80,5,LAN,E20_STREAM_AEAD_V1,online_comm_per_party_bits,267520,267520,267520,ACTUAL_RUN,5,791d5c67bb8199bcad62c86bb1eea2648292bff0,17AFD8EFBD12C67C50073D6193AA1E8A75BE9227EE53E838186206A099F50C65,ANCHOR_N256_LAN_768mb
256,80,5,LAN,E20_STREAM_AEAD_V1,online_rounds,14,14,14,ACTUAL_RUN,5,791d5c67bb8199bcad62c86bb1eea2648292bff0,17AFD8EFBD12C67C50073D6193AA1E8A75BE9227EE53E838186206A099F50C65,ANCHOR_N256_LAN_768mb
256,80,5,LAN,E20_STREAM_AEAD_V1,online_dcf_length_doubling_prg_calls_total,530964,537032,568192,ACTUAL_RUN,5,791d5c67bb8199bcad62c86bb1eea2648292bff0,17AFD8EFBD12C67C50073D6193AA1E8A75BE9227EE53E838186206A099F50C65,ANCHOR_N256_LAN_768mb
256,80,5,LAN,E20_STREAM_AEAD_V1,comparison_edges_total,2813,2850,3040,ACTUAL_RUN,5,791d5c67bb8199bcad62c86bb1eea2648292bff0,17AFD8EFBD12C67C50073D6193AA1E8A75BE9227EE53E838186206A099F50C65,ANCHOR_N256_LAN_768mb
256,80,2,WAN,E20_STREAM_AEAD_V1,offline_time_ms,1216.261114,1307.572952,1383.395842,ACTUAL_RUN,5,791d5c67bb8199bcad62c86bb1eea2648292bff0,17AFD8EFBD12C67C50073D6193AA1E8A75BE9227EE53E838186206A099F50C65,ANCHOR_N256_WAN_768mb
256,80,2,WAN,E20_STREAM_AEAD_V1,offline_material_total_bits,1060110336,1060110336,1060110336,VERIFIED_FIXED_LAYOUT_READY_PAYLOAD,5,791d5c67bb8199bcad62c86bb1eea2648292bff0,17AFD8EFBD12C67C50073D6193AA1E8A75BE9227EE53E838186206A099F50C65,ANCHOR_N256_WAN_768mb
256,80,2,WAN,E20_STREAM_AEAD_V1,online_time_ms,462.988095,476.847082,489.584285,ACTUAL_RUN,5,791d5c67bb8199bcad62c86bb1eea2648292bff0,17AFD8EFBD12C67C50073D6193AA1E8A75BE9227EE53E838186206A099F50C65,ANCHOR_N256_WAN_768mb
256,80,2,WAN,E20_STREAM_AEAD_V1,total_time_ms,1705.845399,1784.420034,1855.910408,ACTUAL_RUN,5,791d5c67bb8199bcad62c86bb1eea2648292bff0,17AFD8EFBD12C67C50073D6193AA1E8A75BE9227EE53E838186206A099F50C65,ANCHOR_N256_WAN_768mb
256,80,2,WAN,E20_STREAM_AEAD_V1,online_comm_total_bits,333824,333824,333824,ACTUAL_RUN,5,791d5c67bb8199bcad62c86bb1eea2648292bff0,17AFD8EFBD12C67C50073D6193AA1E8A75BE9227EE53E838186206A099F50C65,ANCHOR_N256_WAN_768mb
256,80,2,WAN,E20_STREAM_AEAD_V1,online_comm_per_party_bits,166912,166912,166912,ACTUAL_RUN,5,791d5c67bb8199bcad62c86bb1eea2648292bff0,17AFD8EFBD12C67C50073D6193AA1E8A75BE9227EE53E838186206A099F50C65,ANCHOR_N256_WAN_768mb
256,80,2,WAN,E20_STREAM_AEAD_V1,online_rounds,8,8,8,ACTUAL_RUN,5,791d5c67bb8199bcad62c86bb1eea2648292bff0,17AFD8EFBD12C67C50073D6193AA1E8A75BE9227EE53E838186206A099F50C65,ANCHOR_N256_WAN_768mb
256,80,2,WAN,E20_STREAM_AEAD_V1,online_dcf_length_doubling_prg_calls_total,1173680,1249612,1687328,ACTUAL_RUN,5,791d5c67bb8199bcad62c86bb1eea2648292bff0,17AFD8EFBD12C67C50073D6193AA1E8A75BE9227EE53E838186206A099F50C65,ANCHOR_N256_WAN_768mb
256,80,2,WAN,E20_STREAM_AEAD_V1,comparison_edges_total,6732,7195,9864,ACTUAL_RUN,5,791d5c67bb8199bcad62c86bb1eea2648292bff0,17AFD8EFBD12C67C50073D6193AA1E8A75BE9227EE53E838186206A099F50C65,ANCHOR_N256_WAN_768mb
256,80,3,WAN,E20_STREAM_AEAD_V1,offline_time_ms,1753.654693,1925.03758,1963.725317,ACTUAL_RUN,5,791d5c67bb8199bcad62c86bb1eea2648292bff0,17AFD8EFBD12C67C50073D6193AA1E8A75BE9227EE53E838186206A099F50C65,ANCHOR_N256_WAN_768mb
256,80,3,WAN,E20_STREAM_AEAD_V1,offline_material_total_bits,1586561024,1586561024,1586561024,VERIFIED_FIXED_LAYOUT_READY_PAYLOAD,5,791d5c67bb8199bcad62c86bb1eea2648292bff0,17AFD8EFBD12C67C50073D6193AA1E8A75BE9227EE53E838186206A099F50C65,ANCHOR_N256_WAN_768mb
256,80,3,WAN,E20_STREAM_AEAD_V1,online_time_ms,692.497732,711.910019,754.472729,ACTUAL_RUN,5,791d5c67bb8199bcad62c86bb1eea2648292bff0,17AFD8EFBD12C67C50073D6193AA1E8A75BE9227EE53E838186206A099F50C65,ANCHOR_N256_WAN_768mb
256,80,3,WAN,E20_STREAM_AEAD_V1,total_time_ms,2446.152425,2636.947599,2700.778891,ACTUAL_RUN,5,791d5c67bb8199bcad62c86bb1eea2648292bff0,17AFD8EFBD12C67C50073D6193AA1E8A75BE9227EE53E838186206A099F50C65,ANCHOR_N256_WAN_768mb
256,80,3,WAN,E20_STREAM_AEAD_V1,online_comm_total_bits,400896,400896,400896,ACTUAL_RUN,5,791d5c67bb8199bcad62c86bb1eea2648292bff0,17AFD8EFBD12C67C50073D6193AA1E8A75BE9227EE53E838186206A099F50C65,ANCHOR_N256_WAN_768mb
256,80,3,WAN,E20_STREAM_AEAD_V1,online_comm_per_party_bits,200448,200448,200448,ACTUAL_RUN,5,791d5c67bb8199bcad62c86bb1eea2648292bff0,17AFD8EFBD12C67C50073D6193AA1E8A75BE9227EE53E838186206A099F50C65,ANCHOR_N256_WAN_768mb
256,80,3,WAN,E20_STREAM_AEAD_V1,online_rounds,10,10,10,ACTUAL_RUN,5,791d5c67bb8199bcad62c86bb1eea2648292bff0,17AFD8EFBD12C67C50073D6193AA1E8A75BE9227EE53E838186206A099F50C65,ANCHOR_N256_WAN_768mb
256,80,3,WAN,E20_STREAM_AEAD_V1,online_dcf_length_doubling_prg_calls_total,713168,765484,836988,ACTUAL_RUN,5,791d5c67bb8199bcad62c86bb1eea2648292bff0,17AFD8EFBD12C67C50073D6193AA1E8A75BE9227EE53E838186206A099F50C65,ANCHOR_N256_WAN_768mb
256,80,3,WAN,E20_STREAM_AEAD_V1,comparison_edges_total,3924,4243,4679,ACTUAL_RUN,5,791d5c67bb8199bcad62c86bb1eea2648292bff0,17AFD8EFBD12C67C50073D6193AA1E8A75BE9227EE53E838186206A099F50C65,ANCHOR_N256_WAN_768mb
256,80,4,WAN,E20_STREAM_AEAD_V1,offline_time_ms,2423.699195,2527.226508,2703.570667,ACTUAL_RUN,5,791d5c67bb8199bcad62c86bb1eea2648292bff0,17AFD8EFBD12C67C50073D6193AA1E8A75BE9227EE53E838186206A099F50C65,ANCHOR_N256_WAN_768mb
256,80,4,WAN,E20_STREAM_AEAD_V1,offline_material_total_bits,2113011712,2113011712,2113011712,VERIFIED_FIXED_LAYOUT_READY_PAYLOAD,5,791d5c67bb8199bcad62c86bb1eea2648292bff0,17AFD8EFBD12C67C50073D6193AA1E8A75BE9227EE53E838186206A099F50C65,ANCHOR_N256_WAN_768mb
256,80,4,WAN,E20_STREAM_AEAD_V1,online_time_ms,789.186645,823.164171,935.550275,ACTUAL_RUN,5,791d5c67bb8199bcad62c86bb1eea2648292bff0,17AFD8EFBD12C67C50073D6193AA1E8A75BE9227EE53E838186206A099F50C65,ANCHOR_N256_WAN_768mb
256,80,4,WAN,E20_STREAM_AEAD_V1,total_time_ms,3297.502227,3350.152542,3516.174192,ACTUAL_RUN,5,791d5c67bb8199bcad62c86bb1eea2648292bff0,17AFD8EFBD12C67C50073D6193AA1E8A75BE9227EE53E838186206A099F50C65,ANCHOR_N256_WAN_768mb
256,80,4,WAN,E20_STREAM_AEAD_V1,online_comm_total_bits,467968,467968,467968,ACTUAL_RUN,5,791d5c67bb8199bcad62c86bb1eea2648292bff0,17AFD8EFBD12C67C50073D6193AA1E8A75BE9227EE53E838186206A099F50C65,ANCHOR_N256_WAN_768mb
256,80,4,WAN,E20_STREAM_AEAD_V1,online_comm_per_party_bits,233984,233984,233984,ACTUAL_RUN,5,791d5c67bb8199bcad62c86bb1eea2648292bff0,17AFD8EFBD12C67C50073D6193AA1E8A75BE9227EE53E838186206A099F50C65,ANCHOR_N256_WAN_768mb
256,80,4,WAN,E20_STREAM_AEAD_V1,online_rounds,12,12,12,ACTUAL_RUN,5,791d5c67bb8199bcad62c86bb1eea2648292bff0,17AFD8EFBD12C67C50073D6193AA1E8A75BE9227EE53E838186206A099F50C65,ANCHOR_N256_WAN_768mb
256,80,4,WAN,E20_STREAM_AEAD_V1,online_dcf_length_doubling_prg_calls_total,566880,615916,625428,ACTUAL_RUN,5,791d5c67bb8199bcad62c86bb1eea2648292bff0,17AFD8EFBD12C67C50073D6193AA1E8A75BE9227EE53E838186206A099F50C65,ANCHOR_N256_WAN_768mb
256,80,4,WAN,E20_STREAM_AEAD_V1,comparison_edges_total,3032,3331,3389,ACTUAL_RUN,5,791d5c67bb8199bcad62c86bb1eea2648292bff0,17AFD8EFBD12C67C50073D6193AA1E8A75BE9227EE53E838186206A099F50C65,ANCHOR_N256_WAN_768mb
256,80,5,WAN,E20_STREAM_AEAD_V1,offline_time_ms,3025.69506,3289.288744,3361.003733,ACTUAL_RUN,5,791d5c67bb8199bcad62c86bb1eea2648292bff0,17AFD8EFBD12C67C50073D6193AA1E8A75BE9227EE53E838186206A099F50C65,ANCHOR_N256_WAN_768mb
256,80,5,WAN,E20_STREAM_AEAD_V1,offline_material_total_bits,2639462400,2639462400,2639462400,VERIFIED_FIXED_LAYOUT_READY_PAYLOAD,5,791d5c67bb8199bcad62c86bb1eea2648292bff0,17AFD8EFBD12C67C50073D6193AA1E8A75BE9227EE53E838186206A099F50C65,ANCHOR_N256_WAN_768mb
256,80,5,WAN,E20_STREAM_AEAD_V1,online_time_ms,963.324403,995.844823,1111.726395,ACTUAL_RUN,5,791d5c67bb8199bcad62c86bb1eea2648292bff0,17AFD8EFBD12C67C50073D6193AA1E8A75BE9227EE53E838186206A099F50C65,ANCHOR_N256_WAN_768mb
256,80,5,WAN,E20_STREAM_AEAD_V1,total_time_ms,3991.699279,4285.133567,4448.563968,ACTUAL_RUN,5,791d5c67bb8199bcad62c86bb1eea2648292bff0,17AFD8EFBD12C67C50073D6193AA1E8A75BE9227EE53E838186206A099F50C65,ANCHOR_N256_WAN_768mb
256,80,5,WAN,E20_STREAM_AEAD_V1,online_comm_total_bits,535040,535040,535040,ACTUAL_RUN,5,791d5c67bb8199bcad62c86bb1eea2648292bff0,17AFD8EFBD12C67C50073D6193AA1E8A75BE9227EE53E838186206A099F50C65,ANCHOR_N256_WAN_768mb
256,80,5,WAN,E20_STREAM_AEAD_V1,online_comm_per_party_bits,267520,267520,267520,ACTUAL_RUN,5,791d5c67bb8199bcad62c86bb1eea2648292bff0,17AFD8EFBD12C67C50073D6193AA1E8A75BE9227EE53E838186206A099F50C65,ANCHOR_N256_WAN_768mb
256,80,5,WAN,E20_STREAM_AEAD_V1,online_rounds,14,14,14,ACTUAL_RUN,5,791d5c67bb8199bcad62c86bb1eea2648292bff0,17AFD8EFBD12C67C50073D6193AA1E8A75BE9227EE53E838186206A099F50C65,ANCHOR_N256_WAN_768mb
256,80,5,WAN,E20_STREAM_AEAD_V1,online_dcf_length_doubling_prg_calls_total,514564,552940,624444,ACTUAL_RUN,5,791d5c67bb8199bcad62c86bb1eea2648292bff0,17AFD8EFBD12C67C50073D6193AA1E8A75BE9227EE53E838186206A099F50C65,ANCHOR_N256_WAN_768mb
256,80,5,WAN,E20_STREAM_AEAD_V1,comparison_edges_total,2713,2947,3383,ACTUAL_RUN,5,791d5c67bb8199bcad62c86bb1eea2648292bff0,17AFD8EFBD12C67C50073D6193AA1E8A75BE9227EE53E838186206A099F50C65,ANCHOR_N256_WAN_768mb
1000,80,CLIQUE,LAN,E20_CLIQUE_SEALED_V1,offline_time_ms,18831.628479,19172.542204,20291.957848,ACTUAL_RUN,5,791d5c67bb8199bcad62c86bb1eea2648292bff0,1BFA5C365B96E78C222E82B03D1448A844E45D9FCEC83E0646E1E60AC9C20F44,CLIQUE_LAN_768mb
1000,80,CLIQUE,LAN,E20_CLIQUE_SEALED_V1,offline_material_total_bits,8927051776,8927051776,8927051776,VERIFIED_FIXED_LAYOUT_READY_PAYLOAD,5,791d5c67bb8199bcad62c86bb1eea2648292bff0,1BFA5C365B96E78C222E82B03D1448A844E45D9FCEC83E0646E1E60AC9C20F44,CLIQUE_LAN_768mb
1000,80,CLIQUE,LAN,E20_CLIQUE_SEALED_V1,online_time_ms,4029.075115,4059.148179,4119.928878,ACTUAL_RUN,5,791d5c67bb8199bcad62c86bb1eea2648292bff0,1BFA5C365B96E78C222E82B03D1448A844E45D9FCEC83E0646E1E60AC9C20F44,CLIQUE_LAN_768mb
1000,80,CLIQUE,LAN,E20_CLIQUE_SEALED_V1,total_time_ms,22860.703594,23231.690383,24328.638717,ACTUAL_RUN,5,791d5c67bb8199bcad62c86bb1eea2648292bff0,1BFA5C365B96E78C222E82B03D1448A844E45D9FCEC83E0646E1E60AC9C20F44,CLIQUE_LAN_768mb
1000,80,CLIQUE,LAN,E20_CLIQUE_SEALED_V1,online_comm_total_bits,16519936,16519936,16519936,ACTUAL_RUN,5,791d5c67bb8199bcad62c86bb1eea2648292bff0,1BFA5C365B96E78C222E82B03D1448A844E45D9FCEC83E0646E1E60AC9C20F44,CLIQUE_LAN_768mb
1000,80,CLIQUE,LAN,E20_CLIQUE_SEALED_V1,online_comm_per_party_bits,8259968,8259968,8259968,ACTUAL_RUN,5,791d5c67bb8199bcad62c86bb1eea2648292bff0,1BFA5C365B96E78C222E82B03D1448A844E45D9FCEC83E0646E1E60AC9C20F44,CLIQUE_LAN_768mb
1000,80,CLIQUE,LAN,E20_CLIQUE_SEALED_V1,online_rounds,8,8,8,ACTUAL_RUN,5,791d5c67bb8199bcad62c86bb1eea2648292bff0,1BFA5C365B96E78C222E82B03D1448A844E45D9FCEC83E0646E1E60AC9C20F44,CLIQUE_LAN_768mb
1000,80,CLIQUE,LAN,E20_CLIQUE_SEALED_V1,online_dcf_length_doubling_prg_calls_total,90368000,90368000,90368000,ACTUAL_RUN,5,791d5c67bb8199bcad62c86bb1eea2648292bff0,1BFA5C365B96E78C222E82B03D1448A844E45D9FCEC83E0646E1E60AC9C20F44,CLIQUE_LAN_768mb
1000,80,CLIQUE,LAN,E20_CLIQUE_SEALED_V1,comparison_edges_total,523776,523776,523776,ACTUAL_RUN,5,791d5c67bb8199bcad62c86bb1eea2648292bff0,1BFA5C365B96E78C222E82B03D1448A844E45D9FCEC83E0646E1E60AC9C20F44,CLIQUE_LAN_768mb
1000,80,2,LAN,E20_STREAM_AEAD_V1,offline_time_ms,20830.233036,29919.743424,35903.298082,ACTUAL_RUN,5,791d5c67bb8199bcad62c86bb1eea2648292bff0,17AFD8EFBD12C67C50073D6193AA1E8A75BE9227EE53E838186206A099F50C65,AAV_LAN_768mb
1000,80,2,LAN,E20_STREAM_AEAD_V1,offline_material_total_bits,17728536576,17728536576,17728536576,VERIFIED_FIXED_LAYOUT_READY_PAYLOAD,5,791d5c67bb8199bcad62c86bb1eea2648292bff0,17AFD8EFBD12C67C50073D6193AA1E8A75BE9227EE53E838186206A099F50C65,AAV_LAN_768mb
1000,80,2,LAN,E20_STREAM_AEAD_V1,online_time_ms,5291.458925,5955.281779,6155.401136,ACTUAL_RUN,5,791d5c67bb8199bcad62c86bb1eea2648292bff0,17AFD8EFBD12C67C50073D6193AA1E8A75BE9227EE53E838186206A099F50C65,AAV_LAN_768mb
1000,80,2,LAN,E20_STREAM_AEAD_V1,total_time_ms,26785.514815,35465.596426,42022.751099,ACTUAL_RUN,5,791d5c67bb8199bcad62c86bb1eea2648292bff0,17AFD8EFBD12C67C50073D6193AA1E8A75BE9227EE53E838186206A099F50C65,AAV_LAN_768mb
1000,80,2,LAN,E20_STREAM_AEAD_V1,online_comm_total_bits,1316864,1316864,1316864,ACTUAL_RUN,5,791d5c67bb8199bcad62c86bb1eea2648292bff0,17AFD8EFBD12C67C50073D6193AA1E8A75BE9227EE53E838186206A099F50C65,AAV_LAN_768mb
1000,80,2,LAN,E20_STREAM_AEAD_V1,online_comm_per_party_bits,658432,658432,658432,ACTUAL_RUN,5,791d5c67bb8199bcad62c86bb1eea2648292bff0,17AFD8EFBD12C67C50073D6193AA1E8A75BE9227EE53E838186206A099F50C65,AAV_LAN_768mb
1000,80,2,LAN,E20_STREAM_AEAD_V1,online_rounds,8,8,8,ACTUAL_RUN,5,791d5c67bb8199bcad62c86bb1eea2648292bff0,17AFD8EFBD12C67C50073D6193AA1E8A75BE9227EE53E838186206A099F50C65,AAV_LAN_768mb
1000,80,2,LAN,E20_STREAM_AEAD_V1,online_dcf_length_doubling_prg_calls_total,9635328,10081496,12972128,ACTUAL_RUN,5,791d5c67bb8199bcad62c86bb1eea2648292bff0,17AFD8EFBD12C67C50073D6193AA1E8A75BE9227EE53E838186206A099F50C65,AAV_LAN_768mb
1000,80,2,LAN,E20_STREAM_AEAD_V1,comparison_edges_total,54400,56994,73800,ACTUAL_RUN,5,791d5c67bb8199bcad62c86bb1eea2648292bff0,17AFD8EFBD12C67C50073D6193AA1E8A75BE9227EE53E838186206A099F50C65,AAV_LAN_768mb
1000,80,3,LAN,E20_STREAM_AEAD_V1,offline_time_ms,49644.603294,50893.793346,54211.223335,ACTUAL_RUN,5,791d5c67bb8199bcad62c86bb1eea2648292bff0,17AFD8EFBD12C67C50073D6193AA1E8A75BE9227EE53E838186206A099F50C65,AAV_LAN_768mb
1000,80,3,LAN,E20_STREAM_AEAD_V1,offline_material_total_bits,26578386944,26578386944,26578386944,VERIFIED_FIXED_LAYOUT_READY_PAYLOAD,5,791d5c67bb8199bcad62c86bb1eea2648292bff0,17AFD8EFBD12C67C50073D6193AA1E8A75BE9227EE53E838186206A099F50C65,AAV_LAN_768mb
1000,80,3,LAN,E20_STREAM_AEAD_V1,online_time_ms,4040.110792,4587.893497,4828.866395,ACTUAL_RUN,5,791d5c67bb8199bcad62c86bb1eea2648292bff0,17AFD8EFBD12C67C50073D6193AA1E8A75BE9227EE53E838186206A099F50C65,AAV_LAN_768mb
1000,80,3,LAN,E20_STREAM_AEAD_V1,total_time_ms,54473.469689,55563.282702,58575.916793,ACTUAL_RUN,5,791d5c67bb8199bcad62c86bb1eea2648292bff0,17AFD8EFBD12C67C50073D6193AA1E8A75BE9227EE53E838186206A099F50C65,AAV_LAN_768mb
1000,80,3,LAN,E20_STREAM_AEAD_V1,online_comm_total_bits,1580544,1580544,1580544,ACTUAL_RUN,5,791d5c67bb8199bcad62c86bb1eea2648292bff0,17AFD8EFBD12C67C50073D6193AA1E8A75BE9227EE53E838186206A099F50C65,AAV_LAN_768mb
1000,80,3,LAN,E20_STREAM_AEAD_V1,online_comm_per_party_bits,790272,790272,790272,ACTUAL_RUN,5,791d5c67bb8199bcad62c86bb1eea2648292bff0,17AFD8EFBD12C67C50073D6193AA1E8A75BE9227EE53E838186206A099F50C65,AAV_LAN_768mb
1000,80,3,LAN,E20_STREAM_AEAD_V1,online_rounds,10,10,10,ACTUAL_RUN,5,791d5c67bb8199bcad62c86bb1eea2648292bff0,17AFD8EFBD12C67C50073D6193AA1E8A75BE9227EE53E838186206A099F50C65,AAV_LAN_768mb
1000,80,3,LAN,E20_STREAM_AEAD_V1,online_dcf_length_doubling_prg_calls_total,5137184,5729208,6008536,ACTUAL_RUN,5,791d5c67bb8199bcad62c86bb1eea2648292bff0,17AFD8EFBD12C67C50073D6193AA1E8A75BE9227EE53E838186206A099F50C65,AAV_LAN_768mb
1000,80,3,LAN,E20_STREAM_AEAD_V1,comparison_edges_total,28248,31690,33314,ACTUAL_RUN,5,791d5c67bb8199bcad62c86bb1eea2648292bff0,17AFD8EFBD12C67C50073D6193AA1E8A75BE9227EE53E838186206A099F50C65,AAV_LAN_768mb
1000,80,4,LAN,E20_STREAM_AEAD_V1,offline_time_ms,64194.704055,70867.198879,71685.641787,ACTUAL_RUN,5,791d5c67bb8199bcad62c86bb1eea2648292bff0,17AFD8EFBD12C67C50073D6193AA1E8A75BE9227EE53E838186206A099F50C65,AAV_LAN_768mb
1000,80,4,LAN,E20_STREAM_AEAD_V1,offline_material_total_bits,35428237312,35428237312,35428237312,VERIFIED_FIXED_LAYOUT_READY_PAYLOAD,5,791d5c67bb8199bcad62c86bb1eea2648292bff0,17AFD8EFBD12C67C50073D6193AA1E8A75BE9227EE53E838186206A099F50C65,AAV_LAN_768mb
1000,80,4,LAN,E20_STREAM_AEAD_V1,online_time_ms,2859.823868,3604.439748,3946.255619,ACTUAL_RUN,5,791d5c67bb8199bcad62c86bb1eea2648292bff0,17AFD8EFBD12C67C50073D6193AA1E8A75BE9227EE53E838186206A099F50C65,AAV_LAN_768mb
1000,80,4,LAN,E20_STREAM_AEAD_V1,total_time_ms,68140.959674,73727.022747,74954.533872,ACTUAL_RUN,5,791d5c67bb8199bcad62c86bb1eea2648292bff0,17AFD8EFBD12C67C50073D6193AA1E8A75BE9227EE53E838186206A099F50C65,AAV_LAN_768mb
1000,80,4,LAN,E20_STREAM_AEAD_V1,online_comm_total_bits,1844224,1844224,1844224,ACTUAL_RUN,5,791d5c67bb8199bcad62c86bb1eea2648292bff0,17AFD8EFBD12C67C50073D6193AA1E8A75BE9227EE53E838186206A099F50C65,AAV_LAN_768mb
1000,80,4,LAN,E20_STREAM_AEAD_V1,online_comm_per_party_bits,922112,922112,922112,ACTUAL_RUN,5,791d5c67bb8199bcad62c86bb1eea2648292bff0,17AFD8EFBD12C67C50073D6193AA1E8A75BE9227EE53E838186206A099F50C65,AAV_LAN_768mb
1000,80,4,LAN,E20_STREAM_AEAD_V1,online_rounds,12,12,12,ACTUAL_RUN,5,791d5c67bb8199bcad62c86bb1eea2648292bff0,17AFD8EFBD12C67C50073D6193AA1E8A75BE9227EE53E838186206A099F50C65,AAV_LAN_768mb
1000,80,4,LAN,E20_STREAM_AEAD_V1,online_dcf_length_doubling_prg_calls_total,3630292,4174844,4536216,ACTUAL_RUN,5,791d5c67bb8199bcad62c86bb1eea2648292bff0,17AFD8EFBD12C67C50073D6193AA1E8A75BE9227EE53E838186206A099F50C65,AAV_LAN_768mb
1000,80,4,LAN,E20_STREAM_AEAD_V1,comparison_edges_total,19487,22653,24754,ACTUAL_RUN,5,791d5c67bb8199bcad62c86bb1eea2648292bff0,17AFD8EFBD12C67C50073D6193AA1E8A75BE9227EE53E838186206A099F50C65,AAV_LAN_768mb
1000,80,5,LAN,E20_STREAM_AEAD_V1,offline_time_ms,82673.787691,95366.573373,99038.675271,ACTUAL_RUN,5,791d5c67bb8199bcad62c86bb1eea2648292bff0,17AFD8EFBD12C67C50073D6193AA1E8A75BE9227EE53E838186206A099F50C65,AAV_LAN_768mb
1000,80,5,LAN,E20_STREAM_AEAD_V1,offline_material_total_bits,44278087680,44278087680,44278087680,VERIFIED_FIXED_LAYOUT_READY_PAYLOAD,5,791d5c67bb8199bcad62c86bb1eea2648292bff0,17AFD8EFBD12C67C50073D6193AA1E8A75BE9227EE53E838186206A099F50C65,AAV_LAN_768mb
1000,80,5,LAN,E20_STREAM_AEAD_V1,online_time_ms,3186.031867,3494.958695,3687.930739,ACTUAL_RUN,5,791d5c67bb8199bcad62c86bb1eea2648292bff0,17AFD8EFBD12C67C50073D6193AA1E8A75BE9227EE53E838186206A099F50C65,AAV_LAN_768mb
1000,80,5,LAN,E20_STREAM_AEAD_V1,total_time_ms,86361.71843,98945.541328,102224.707138,ACTUAL_RUN,5,791d5c67bb8199bcad62c86bb1eea2648292bff0,17AFD8EFBD12C67C50073D6193AA1E8A75BE9227EE53E838186206A099F50C65,AAV_LAN_768mb
1000,80,5,LAN,E20_STREAM_AEAD_V1,online_comm_total_bits,2107904,2107904,2107904,ACTUAL_RUN,5,791d5c67bb8199bcad62c86bb1eea2648292bff0,17AFD8EFBD12C67C50073D6193AA1E8A75BE9227EE53E838186206A099F50C65,AAV_LAN_768mb
1000,80,5,LAN,E20_STREAM_AEAD_V1,online_comm_per_party_bits,1053952,1053952,1053952,ACTUAL_RUN,5,791d5c67bb8199bcad62c86bb1eea2648292bff0,17AFD8EFBD12C67C50073D6193AA1E8A75BE9227EE53E838186206A099F50C65,AAV_LAN_768mb
1000,80,5,LAN,E20_STREAM_AEAD_V1,online_rounds,14,14,14,ACTUAL_RUN,5,791d5c67bb8199bcad62c86bb1eea2648292bff0,17AFD8EFBD12C67C50073D6193AA1E8A75BE9227EE53E838186206A099F50C65,AAV_LAN_768mb
1000,80,5,LAN,E20_STREAM_AEAD_V1,online_dcf_length_doubling_prg_calls_total,3336860,3747596,4068548,ACTUAL_RUN,5,791d5c67bb8199bcad62c86bb1eea2648292bff0,17AFD8EFBD12C67C50073D6193AA1E8A75BE9227EE53E838186206A099F50C65,AAV_LAN_768mb
1000,80,5,LAN,E20_STREAM_AEAD_V1,comparison_edges_total,17781,20169,22035,ACTUAL_RUN,5,791d5c67bb8199bcad62c86bb1eea2648292bff0,17AFD8EFBD12C67C50073D6193AA1E8A75BE9227EE53E838186206A099F50C65,AAV_LAN_768mb
1000,80,CLIQUE,WAN,E20_CLIQUE_SEALED_V1,offline_time_ms,16459.200571,19027.424029,19113.356247,ACTUAL_RUN,5,791d5c67bb8199bcad62c86bb1eea2648292bff0,1BFA5C365B96E78C222E82B03D1448A844E45D9FCEC83E0646E1E60AC9C20F44,CLIQUE_WAN_768mb
1000,80,CLIQUE,WAN,E20_CLIQUE_SEALED_V1,offline_material_total_bits,8927051776,8927051776,8927051776,VERIFIED_FIXED_LAYOUT_READY_PAYLOAD,5,791d5c67bb8199bcad62c86bb1eea2648292bff0,1BFA5C365B96E78C222E82B03D1448A844E45D9FCEC83E0646E1E60AC9C20F44,CLIQUE_WAN_768mb
1000,80,CLIQUE,WAN,E20_CLIQUE_SEALED_V1,online_time_ms,5022.857249,5055.864067,5094.78956,ACTUAL_RUN,5,791d5c67bb8199bcad62c86bb1eea2648292bff0,1BFA5C365B96E78C222E82B03D1448A844E45D9FCEC83E0646E1E60AC9C20F44,CLIQUE_WAN_768mb
1000,80,CLIQUE,WAN,E20_CLIQUE_SEALED_V1,total_time_ms,21535.414823,24058.219659,24137.574811,ACTUAL_RUN,5,791d5c67bb8199bcad62c86bb1eea2648292bff0,1BFA5C365B96E78C222E82B03D1448A844E45D9FCEC83E0646E1E60AC9C20F44,CLIQUE_WAN_768mb
1000,80,CLIQUE,WAN,E20_CLIQUE_SEALED_V1,online_comm_total_bits,16519936,16519936,16519936,ACTUAL_RUN,5,791d5c67bb8199bcad62c86bb1eea2648292bff0,1BFA5C365B96E78C222E82B03D1448A844E45D9FCEC83E0646E1E60AC9C20F44,CLIQUE_WAN_768mb
1000,80,CLIQUE,WAN,E20_CLIQUE_SEALED_V1,online_comm_per_party_bits,8259968,8259968,8259968,ACTUAL_RUN,5,791d5c67bb8199bcad62c86bb1eea2648292bff0,1BFA5C365B96E78C222E82B03D1448A844E45D9FCEC83E0646E1E60AC9C20F44,CLIQUE_WAN_768mb
1000,80,CLIQUE,WAN,E20_CLIQUE_SEALED_V1,online_rounds,8,8,8,ACTUAL_RUN,5,791d5c67bb8199bcad62c86bb1eea2648292bff0,1BFA5C365B96E78C222E82B03D1448A844E45D9FCEC83E0646E1E60AC9C20F44,CLIQUE_WAN_768mb
1000,80,CLIQUE,WAN,E20_CLIQUE_SEALED_V1,online_dcf_length_doubling_prg_calls_total,90368000,90368000,90368000,ACTUAL_RUN,5,791d5c67bb8199bcad62c86bb1eea2648292bff0,1BFA5C365B96E78C222E82B03D1448A844E45D9FCEC83E0646E1E60AC9C20F44,CLIQUE_WAN_768mb
1000,80,CLIQUE,WAN,E20_CLIQUE_SEALED_V1,comparison_edges_total,523776,523776,523776,ACTUAL_RUN,5,791d5c67bb8199bcad62c86bb1eea2648292bff0,1BFA5C365B96E78C222E82B03D1448A844E45D9FCEC83E0646E1E60AC9C20F44,CLIQUE_WAN_768mb
1000,80,2,WAN,E20_STREAM_AEAD_V1,offline_time_ms,25385.299991,32328.805717,36607.798493,ACTUAL_RUN,5,791d5c67bb8199bcad62c86bb1eea2648292bff0,17AFD8EFBD12C67C50073D6193AA1E8A75BE9227EE53E838186206A099F50C65,AAV_WAN_768mb
1000,80,2,WAN,E20_STREAM_AEAD_V1,offline_material_total_bits,17728536576,17728536576,17728536576,VERIFIED_FIXED_LAYOUT_READY_PAYLOAD,5,791d5c67bb8199bcad62c86bb1eea2648292bff0,17AFD8EFBD12C67C50073D6193AA1E8A75BE9227EE53E838186206A099F50C65,AAV_WAN_768mb
1000,80,2,WAN,E20_STREAM_AEAD_V1,online_time_ms,6077.721611,6300.005476,6762.713435,ACTUAL_RUN,5,791d5c67bb8199bcad62c86bb1eea2648292bff0,17AFD8EFBD12C67C50073D6193AA1E8A75BE9227EE53E838186206A099F50C65,AAV_WAN_768mb
1000,80,2,WAN,E20_STREAM_AEAD_V1,total_time_ms,31463.021602,39091.519152,42907.803969,ACTUAL_RUN,5,791d5c67bb8199bcad62c86bb1eea2648292bff0,17AFD8EFBD12C67C50073D6193AA1E8A75BE9227EE53E838186206A099F50C65,AAV_WAN_768mb
1000,80,2,WAN,E20_STREAM_AEAD_V1,online_comm_total_bits,1316864,1316864,1316864,ACTUAL_RUN,5,791d5c67bb8199bcad62c86bb1eea2648292bff0,17AFD8EFBD12C67C50073D6193AA1E8A75BE9227EE53E838186206A099F50C65,AAV_WAN_768mb
1000,80,2,WAN,E20_STREAM_AEAD_V1,online_comm_per_party_bits,658432,658432,658432,ACTUAL_RUN,5,791d5c67bb8199bcad62c86bb1eea2648292bff0,17AFD8EFBD12C67C50073D6193AA1E8A75BE9227EE53E838186206A099F50C65,AAV_WAN_768mb
1000,80,2,WAN,E20_STREAM_AEAD_V1,online_rounds,8,8,8,ACTUAL_RUN,5,791d5c67bb8199bcad62c86bb1eea2648292bff0,17AFD8EFBD12C67C50073D6193AA1E8A75BE9227EE53E838186206A099F50C65,AAV_WAN_768mb
1000,80,2,WAN,E20_STREAM_AEAD_V1,online_dcf_length_doubling_prg_calls_total,9695184,10162336,14121088,ACTUAL_RUN,5,791d5c67bb8199bcad62c86bb1eea2648292bff0,17AFD8EFBD12C67C50073D6193AA1E8A75BE9227EE53E838186206A099F50C65,AAV_WAN_768mb
1000,80,2,WAN,E20_STREAM_AEAD_V1,comparison_edges_total,54748,57464,80480,ACTUAL_RUN,5,791d5c67bb8199bcad62c86bb1eea2648292bff0,17AFD8EFBD12C67C50073D6193AA1E8A75BE9227EE53E838186206A099F50C65,AAV_WAN_768mb
1000,80,3,WAN,E20_STREAM_AEAD_V1,offline_time_ms,52764.976262,54082.414763,54768.949271,ACTUAL_RUN,5,791d5c67bb8199bcad62c86bb1eea2648292bff0,17AFD8EFBD12C67C50073D6193AA1E8A75BE9227EE53E838186206A099F50C65,AAV_WAN_768mb
1000,80,3,WAN,E20_STREAM_AEAD_V1,offline_material_total_bits,26578386944,26578386944,26578386944,VERIFIED_FIXED_LAYOUT_READY_PAYLOAD,5,791d5c67bb8199bcad62c86bb1eea2648292bff0,17AFD8EFBD12C67C50073D6193AA1E8A75BE9227EE53E838186206A099F50C65,AAV_WAN_768mb
1000,80,3,WAN,E20_STREAM_AEAD_V1,online_time_ms,4430.914979,4841.852029,5286.316694,ACTUAL_RUN,5,791d5c67bb8199bcad62c86bb1eea2648292bff0,17AFD8EFBD12C67C50073D6193AA1E8A75BE9227EE53E838186206A099F50C65,AAV_WAN_768mb
1000,80,3,WAN,E20_STREAM_AEAD_V1,total_time_ms,57706.699608,59368.731457,59550.129644,ACTUAL_RUN,5,791d5c67bb8199bcad62c86bb1eea2648292bff0,17AFD8EFBD12C67C50073D6193AA1E8A75BE9227EE53E838186206A099F50C65,AAV_WAN_768mb
1000,80,3,WAN,E20_STREAM_AEAD_V1,online_comm_total_bits,1580544,1580544,1580544,ACTUAL_RUN,5,791d5c67bb8199bcad62c86bb1eea2648292bff0,17AFD8EFBD12C67C50073D6193AA1E8A75BE9227EE53E838186206A099F50C65,AAV_WAN_768mb
1000,80,3,WAN,E20_STREAM_AEAD_V1,online_comm_per_party_bits,790272,790272,790272,ACTUAL_RUN,5,791d5c67bb8199bcad62c86bb1eea2648292bff0,17AFD8EFBD12C67C50073D6193AA1E8A75BE9227EE53E838186206A099F50C65,AAV_WAN_768mb
1000,80,3,WAN,E20_STREAM_AEAD_V1,online_rounds,10,10,10,ACTUAL_RUN,5,791d5c67bb8199bcad62c86bb1eea2648292bff0,17AFD8EFBD12C67C50073D6193AA1E8A75BE9227EE53E838186206A099F50C65,AAV_WAN_768mb
1000,80,3,WAN,E20_STREAM_AEAD_V1,online_dcf_length_doubling_prg_calls_total,4985996,5394668,5597284,ACTUAL_RUN,5,791d5c67bb8199bcad62c86bb1eea2648292bff0,17AFD8EFBD12C67C50073D6193AA1E8A75BE9227EE53E838186206A099F50C65,AAV_WAN_768mb
1000,80,3,WAN,E20_STREAM_AEAD_V1,comparison_edges_total,27369,29745,30923,ACTUAL_RUN,5,791d5c67bb8199bcad62c86bb1eea2648292bff0,17AFD8EFBD12C67C50073D6193AA1E8A75BE9227EE53E838186206A099F50C65,AAV_WAN_768mb
1000,80,4,WAN,E20_STREAM_AEAD_V1,offline_time_ms,66451.906074,70574.374715,77860.384557,ACTUAL_RUN,5,791d5c67bb8199bcad62c86bb1eea2648292bff0,17AFD8EFBD12C67C50073D6193AA1E8A75BE9227EE53E838186206A099F50C65,AAV_WAN_768mb
1000,80,4,WAN,E20_STREAM_AEAD_V1,offline_material_total_bits,35428237312,35428237312,35428237312,VERIFIED_FIXED_LAYOUT_READY_PAYLOAD,5,791d5c67bb8199bcad62c86bb1eea2648292bff0,17AFD8EFBD12C67C50073D6193AA1E8A75BE9227EE53E838186206A099F50C65,AAV_WAN_768mb
1000,80,4,WAN,E20_STREAM_AEAD_V1,online_time_ms,4092.212716,4316.663251,4798.88353,ACTUAL_RUN,5,791d5c67bb8199bcad62c86bb1eea2648292bff0,17AFD8EFBD12C67C50073D6193AA1E8A75BE9227EE53E838186206A099F50C65,AAV_WAN_768mb
1000,80,4,WAN,E20_STREAM_AEAD_V1,total_time_ms,71250.789604,74666.587431,82177.047808,ACTUAL_RUN,5,791d5c67bb8199bcad62c86bb1eea2648292bff0,17AFD8EFBD12C67C50073D6193AA1E8A75BE9227EE53E838186206A099F50C65,AAV_WAN_768mb
1000,80,4,WAN,E20_STREAM_AEAD_V1,online_comm_total_bits,1844224,1844224,1844224,ACTUAL_RUN,5,791d5c67bb8199bcad62c86bb1eea2648292bff0,17AFD8EFBD12C67C50073D6193AA1E8A75BE9227EE53E838186206A099F50C65,AAV_WAN_768mb
1000,80,4,WAN,E20_STREAM_AEAD_V1,online_comm_per_party_bits,922112,922112,922112,ACTUAL_RUN,5,791d5c67bb8199bcad62c86bb1eea2648292bff0,17AFD8EFBD12C67C50073D6193AA1E8A75BE9227EE53E838186206A099F50C65,AAV_WAN_768mb
1000,80,4,WAN,E20_STREAM_AEAD_V1,online_rounds,12,12,12,ACTUAL_RUN,5,791d5c67bb8199bcad62c86bb1eea2648292bff0,17AFD8EFBD12C67C50073D6193AA1E8A75BE9227EE53E838186206A099F50C65,AAV_WAN_768mb
1000,80,4,WAN,E20_STREAM_AEAD_V1,online_dcf_length_doubling_prg_calls_total,3986676,4165384,4607080,ACTUAL_RUN,5,791d5c67bb8199bcad62c86bb1eea2648292bff0,17AFD8EFBD12C67C50073D6193AA1E8A75BE9227EE53E838186206A099F50C65,AAV_WAN_768mb
1000,80,4,WAN,E20_STREAM_AEAD_V1,comparison_edges_total,21559,22598,25166,ACTUAL_RUN,5,791d5c67bb8199bcad62c86bb1eea2648292bff0,17AFD8EFBD12C67C50073D6193AA1E8A75BE9227EE53E838186206A099F50C65,AAV_WAN_768mb
1000,80,5,WAN,E20_STREAM_AEAD_V1,offline_time_ms,84447.752556,87082.592782,89542.823849,ACTUAL_RUN,5,791d5c67bb8199bcad62c86bb1eea2648292bff0,17AFD8EFBD12C67C50073D6193AA1E8A75BE9227EE53E838186206A099F50C65,AAV_WAN_768mb
1000,80,5,WAN,E20_STREAM_AEAD_V1,offline_material_total_bits,44278087680,44278087680,44278087680,VERIFIED_FIXED_LAYOUT_READY_PAYLOAD,5,791d5c67bb8199bcad62c86bb1eea2648292bff0,17AFD8EFBD12C67C50073D6193AA1E8A75BE9227EE53E838186206A099F50C65,AAV_WAN_768mb
1000,80,5,WAN,E20_STREAM_AEAD_V1,online_time_ms,3553.922939,4069.30228,4508.235301,ACTUAL_RUN,5,791d5c67bb8199bcad62c86bb1eea2648292bff0,17AFD8EFBD12C67C50073D6193AA1E8A75BE9227EE53E838186206A099F50C65,AAV_WAN_768mb
1000,80,5,WAN,E20_STREAM_AEAD_V1,total_time_ms,88955.987857,91151.895062,93378.458448,ACTUAL_RUN,5,791d5c67bb8199bcad62c86bb1eea2648292bff0,17AFD8EFBD12C67C50073D6193AA1E8A75BE9227EE53E838186206A099F50C65,AAV_WAN_768mb
1000,80,5,WAN,E20_STREAM_AEAD_V1,online_comm_total_bits,2107904,2107904,2107904,ACTUAL_RUN,5,791d5c67bb8199bcad62c86bb1eea2648292bff0,17AFD8EFBD12C67C50073D6193AA1E8A75BE9227EE53E838186206A099F50C65,AAV_WAN_768mb
1000,80,5,WAN,E20_STREAM_AEAD_V1,online_comm_per_party_bits,1053952,1053952,1053952,ACTUAL_RUN,5,791d5c67bb8199bcad62c86bb1eea2648292bff0,17AFD8EFBD12C67C50073D6193AA1E8A75BE9227EE53E838186206A099F50C65,AAV_WAN_768mb
1000,80,5,WAN,E20_STREAM_AEAD_V1,online_rounds,14,14,14,ACTUAL_RUN,5,791d5c67bb8199bcad62c86bb1eea2648292bff0,17AFD8EFBD12C67C50073D6193AA1E8A75BE9227EE53E838186206A099F50C65,AAV_WAN_768mb
1000,80,5,WAN,E20_STREAM_AEAD_V1,online_dcf_length_doubling_prg_calls_total,3196852,3555816,3843056,ACTUAL_RUN,5,791d5c67bb8199bcad62c86bb1eea2648292bff0,17AFD8EFBD12C67C50073D6193AA1E8A75BE9227EE53E838186206A099F50C65,AAV_WAN_768mb
1000,80,5,WAN,E20_STREAM_AEAD_V1,comparison_edges_total,16967,19054,20724,ACTUAL_RUN,5,791d5c67bb8199bcad62c86bb1eea2648292bff0,17AFD8EFBD12C67C50073D6193AA1E8A75BE9227EE53E838186206A099F50C65,AAV_WAN_768mb
