n,K,r,D,all_candidate_edges,sealed_file_per_party_bytes,sealed_files_both_bytes,physical_disk_free_bytes,program_first_gate,next_secure_store_gate,profile,implementation,status,runs,formal_runs,nine_metrics,peak_t_kib,peak_p0_kib,peak_p1_kib,binary_sha256,raw_batch
1000,80,2,1024,1047552,1191066704,2382133408,64366927872,NONE,NONE,LAN,E20_STREAM_AEAD_V1,MEASURED_PAIRED,6,5,8_ACTUAL_RUN_1_VERIFIED_FIXED_LAYOUT,13296,12348,12608,17AFD8EFBD12C67C50073D6193AA1E8A75BE9227EE53E838186206A099F50C65,AAV_LAN_768mb
1000,80,2,1024,1047552,1191066704,2382133408,64366927872,NONE,NONE,WAN,E20_STREAM_AEAD_V1,MEASURED_PAIRED,6,5,8_ACTUAL_RUN_1_VERIFIED_FIXED_LAYOUT,13296,12860,12604,17AFD8EFBD12C67C50073D6193AA1E8A75BE9227EE53E838186206A099F50C65,AAV_WAN_768mb
1000,80,3,1024,1571328,1786600016,3573200032,64366927872,NONE,NONE,LAN,E20_STREAM_AEAD_V1,MEASURED_PAIRED,6,5,8_ACTUAL_RUN_1_VERIFIED_FIXED_LAYOUT,13312,11520,11520,17AFD8EFBD12C67C50073D6193AA1E8A75BE9227EE53E838186206A099F50C65,AAV_LAN_768mb
1000,80,3,1024,1571328,1786600016,3573200032,64366927872,NONE,NONE,WAN,E20_STREAM_AEAD_V1,MEASURED_PAIRED,6,5,8_ACTUAL_RUN_1_VERIFIED_FIXED_LAYOUT,13312,11520,11520,17AFD8EFBD12C67C50073D6193AA1E8A75BE9227EE53E838186206A099F50C65,AAV_WAN_768mb
1000,80,4,1024,2095104,2382133328,4764266656,64366927872,NONE,NONE,LAN,E20_STREAM_AEAD_V1,MEASURED_PAIRED,6,5,8_ACTUAL_RUN_1_VERIFIED_FIXED_LAYOUT,13328,11776,11520,17AFD8EFBD12C67C50073D6193AA1E8A75BE9227EE53E838186206A099F50C65,AAV_LAN_768mb
1000,80,4,1024,2095104,2382133328,4764266656,64366927872,NONE,NONE,WAN,E20_STREAM_AEAD_V1,MEASURED_PAIRED,6,5,8_ACTUAL_RUN_1_VERIFIED_FIXED_LAYOUT,13324,11776,11776,17AFD8EFBD12C67C50073D6193AA1E8A75BE9227EE53E838186206A099F50C65,AAV_WAN_768mb
1000,80,5,1024,2618880,2977666640,5955333280,64366927872,NONE,NONE,LAN,E20_STREAM_AEAD_V1,MEASURED_PAIRED,6,5,8_ACTUAL_RUN_1_VERIFIED_FIXED_LAYOUT,13344,11520,11776,17AFD8EFBD12C67C50073D6193AA1E8A75BE9227EE53E838186206A099F50C65,AAV_LAN_768mb
1000,80,5,1024,2618880,2977666640,5955333280,64366927872,NONE,NONE,WAN,E20_STREAM_AEAD_V1,MEASURED_PAIRED,6,5,8_ACTUAL_RUN_1_VERIFIED_FIXED_LAYOUT,13344,11776,11776,17AFD8EFBD12C67C50073D6193AA1E8A75BE9227EE53E838186206A099F50C65,AAV_WAN_768mb
10000,80,2,16384,268419072,330960715856,661921431712,64366927872,E20_STREAM_BENCHMARK_SHAPE,E20_LOGICAL_N_GT_1000,NOT_RUN,E20_STREAM_AEAD_V1,RESOURCE_INFEASIBLE/PRECHECK_REJECTED,NOT_MEASURED,NOT_MEASURED,NOT_MEASURED,NOT_MEASURED,NOT_MEASURED,NOT_MEASURED,NOT_MEASURED,NOT_MEASURED
10000,80,3,16384,402628608,496441073744,992882147488,64366927872,E20_STREAM_BENCHMARK_SHAPE,E20_LOGICAL_N_GT_1000,NOT_RUN,E20_STREAM_AEAD_V1,RESOURCE_INFEASIBLE/PRECHECK_REJECTED,NOT_MEASURED,NOT_MEASURED,NOT_MEASURED,NOT_MEASURED,NOT_MEASURED,NOT_MEASURED,NOT_MEASURED,NOT_MEASURED
10000,80,4,16384,536838144,661921431632,1323842863264,64366927872,E20_STREAM_BENCHMARK_SHAPE,E20_LOGICAL_N_GT_1000,NOT_RUN,E20_STREAM_AEAD_V1,RESOURCE_INFEASIBLE/PRECHECK_REJECTED,NOT_MEASURED,NOT_MEASURED,NOT_MEASURED,NOT_MEASURED,NOT_MEASURED,NOT_MEASURED,NOT_MEASURED,NOT_MEASURED
10000,80,5,16384,671047680,827401789520,1654803579040,64366927872,E20_STREAM_BENCHMARK_SHAPE,E20_LOGICAL_N_GT_1000,NOT_RUN,E20_STREAM_AEAD_V1,RESOURCE_INFEASIBLE/PRECHECK_REJECTED,NOT_MEASURED,NOT_MEASURED,NOT_MEASURED,NOT_MEASURED,NOT_MEASURED,NOT_MEASURED,NOT_MEASURED,NOT_MEASURED
100000,80,2,131072,17179738112,22419558236240,44839116472480,64366927872,E20_STREAM_BENCHMARK_SHAPE,E20_LOGICAL_N_GT_1000,NOT_RUN,E20_STREAM_AEAD_V1,RESOURCE_INFEASIBLE/PRECHECK_REJECTED,NOT_MEASURED,NOT_MEASURED,NOT_MEASURED,NOT_MEASURED,NOT_MEASURED,NOT_MEASURED,NOT_MEASURED,NOT_MEASURED
100000,80,3,131072,25769607168,33629337354320,67258674708640,64366927872,E20_STREAM_BENCHMARK_SHAPE,E20_LOGICAL_N_GT_1000,NOT_RUN,E20_STREAM_AEAD_V1,RESOURCE_INFEASIBLE/PRECHECK_REJECTED,NOT_MEASURED,NOT_MEASURED,NOT_MEASURED,NOT_MEASURED,NOT_MEASURED,NOT_MEASURED,NOT_MEASURED,NOT_MEASURED
100000,80,4,131072,34359476224,44839116472400,89678232944800,64366927872,E20_STREAM_BENCHMARK_SHAPE,E20_LOGICAL_N_GT_1000,NOT_RUN,E20_STREAM_AEAD_V1,RESOURCE_INFEASIBLE/PRECHECK_REJECTED,NOT_MEASURED,NOT_MEASURED,NOT_MEASURED,NOT_MEASURED,NOT_MEASURED,NOT_MEASURED,NOT_MEASURED,NOT_MEASURED
100000,80,5,131072,42949345280,56048895590480,112097791180960,64366927872,E20_STREAM_BENCHMARK_SHAPE,E20_LOGICAL_N_GT_1000,NOT_RUN,E20_STREAM_AEAD_V1,RESOURCE_INFEASIBLE/PRECHECK_REJECTED,NOT_MEASURED,NOT_MEASURED,NOT_MEASURED,NOT_MEASURED,NOT_MEASURED,NOT_MEASURED,NOT_MEASURED,NOT_MEASURED
1000000,80,2,1048576,1099510579200,1514026067558480,3028052135116960,64366927872,E20_STREAM_BENCHMARK_SHAPE,E20_LOGICAL_N_GT_1000,NOT_RUN,E20_STREAM_AEAD_V1,RESOURCE_INFEASIBLE/PRECHECK_REJECTED,NOT_MEASURED,NOT_MEASURED,NOT_MEASURED,NOT_MEASURED,NOT_MEASURED,NOT_MEASURED,NOT_MEASURED,NOT_MEASURED
1000000,80,3,1048576,1649265868800,2271039101337680,4542078202675360,64366927872,E20_STREAM_BENCHMARK_SHAPE,E20_LOGICAL_N_GT_1000,NOT_RUN,E20_STREAM_AEAD_V1,RESOURCE_INFEASIBLE/PRECHECK_REJECTED,NOT_MEASURED,NOT_MEASURED,NOT_MEASURED,NOT_MEASURED,NOT_MEASURED,NOT_MEASURED,NOT_MEASURED,NOT_MEASURED
1000000,80,4,1048576,2199021158400,3028052135116880,6056104270233760,64366927872,E20_STREAM_BENCHMARK_SHAPE,E20_LOGICAL_N_GT_1000,NOT_RUN,E20_STREAM_AEAD_V1,RESOURCE_INFEASIBLE/PRECHECK_REJECTED,NOT_MEASURED,NOT_MEASURED,NOT_MEASURED,NOT_MEASURED,NOT_MEASURED,NOT_MEASURED,NOT_MEASURED,NOT_MEASURED
1000000,80,5,1048576,2748776448000,3785065168896080,7570130337792160,64366927872,E20_STREAM_BENCHMARK_SHAPE,E20_LOGICAL_N_GT_1000,NOT_RUN,E20_STREAM_AEAD_V1,RESOURCE_INFEASIBLE/PRECHECK_REJECTED,NOT_MEASURED,NOT_MEASURED,NOT_MEASURED,NOT_MEASURED,NOT_MEASURED,NOT_MEASURED,NOT_MEASURED,NOT_MEASURED
1000,80,CLIQUE,1024,523776,595533392,1191066784,64366927872,NONE,NONE,LAN,E20_CLIQUE_SEALED_V1,MEASURED_PAIRED,6,5,8_ACTUAL_RUN_1_VERIFIED_FIXED_LAYOUT,13544,18688,17916,1BFA5C365B96E78C222E82B03D1448A844E45D9FCEC83E0646E1E60AC9C20F44,CLIQUE_LAN_768mb
1000,80,CLIQUE,1024,523776,595533392,1191066784,64366927872,NONE,NONE,WAN,E20_CLIQUE_SEALED_V1,MEASURED_PAIRED,6,5,8_ACTUAL_RUN_1_VERIFIED_FIXED_LAYOUT,13544,18688,17920,1BFA5C365B96E78C222E82B03D1448A844E45D9FCEC83E0646E1E60AC9C20F44,CLIQUE_WAN_768mb
